timestamp,fps,tracking_state,pixel_error,turbulence_strength,vibration_amplitude,sensor_noise_level,link_readiness_score,cumulative_lost_seconds,reacquisition_count,active_detector
2026-08-24T00:52:32,60.98,LOCKED,6.0351,0.0000,0.0000,0.0000,0.9920,0.00,1,classical
2026-08-24T00:52:33,59.52,LOCKED,23.8012,0.0000,0.0000,0.0000,0.9683,0.00,1,classical
2026-08-24T00:52:34,59.88,LOCKED,34.5300,0.0000,0.0000,0.0000,0.9540,0.00,1,classical
2026-08-24T00:52:35,60.98,LOCKED,35.6495,0.0000,0.0000,0.0000,0.9525,0.00,1,classical
2026-08-24T00:52:36,59.52,LOCKED,36.5982,0.0000,0.0000,0.0000,0.9512,0.00,1,classical
2026-08-24T00:52:37,59.52,LOCKED,37.2368,0.0000,0.0000,0.0000,0.9504,0.00,1,classical
2026-08-24T00:52:38,60.24,LOCKED,36.7365,0.0000,0.0000,0.0000,0.9510,0.00,1,classical
2026-08-24T00:52:39,58.48,LOCKED,36.2778,0.0000,0.0000,0.0000,0.9516,0.00,1,classical
2026-08-24T00:52:40,58.48,LOCKED,35.8816,0.0000,0.0000,0.0000,0.9522,0.00,1,classical
2026-08-24T00:52:41,61.35,LOCKED,35.4304,0.0000,0.0000,0.0000,0.9528,0.00,1,classical
2026-08-24T00:52:42,54.35,LOCKED,36.3044,0.0000,0.0000,0.0000,0.9516,0.00,1,classical
2026-08-24T00:52:43,60.24,LOCKED,36.7283,0.0000,0.0000,0.0000,0.9510,0.00,1,classical
2026-08-24T00:52:44,60.24,LOCKED,36.5578,0.0000,0.0000,0.0000,0.9513,0.00,1,classical
2026-08-24T00:52:45,57.80,LOCKED,37.3301,0.0000,0.0000,0.0000,0.9502,0.00,1,classical
2026-08-24T00:52:46,56.82,LOCKED,36.6933,0.0000,0.0000,0.0000,0.9511,0.00,1,classical
2026-08-24T00:52:47,59.88,LOCKED,36.2656,0.0000,0.0000,0.0000,0.9516,0.00,1,classical
2026-08-24T00:52:48,59.17,LOCKED,35.3964,0.0000,0.0000,0.0000,0.9528,0.00,1,classical
2026-08-24T00:52:49,58.82,LOCKED,35.7158,0.0000,0.0000,0.0000,0.9524,0.00,1,classical
2026-08-24T00:52:50,61.35,LOCKED,36.1773,0.0000,0.0000,0.0000,0.9518,0.00,1,classical
2026-08-24T00:52:51,60.98,LOCKED,36.6024,0.0000,0.0000,0.0000,0.9512,0.00,1,classical
2026-08-24T00:52:52,59.88,LOCKED,37.2235,0.0000,0.0000,0.0000,0.9504,0.00,1,classical
2026-08-24T00:52:53,59.52,LOCKED,37.0035,0.0000,0.0000,0.0000,0.9507,0.00,1,classical
2026-08-24T00:52:54,60.24,LOCKED,36.3329,0.0000,0.0000,0.0000,0.9516,0.00,1,classical
2026-08-24T00:52:55,62.11,LOCKED,35.6814,0.0000,0.0000,0.0000,0.9524,0.00,1,classical
2026-08-24T00:52:56,59.88,LOCKED,35.8315,0.0000,0.0000,0.0000,0.9522,0.00,1,classical
2026-08-24T00:52:57,61.35,LOCKED,35.4708,0.0000,0.0000,0.0000,0.9527,0.00,1,classical
2026-08-24T00:52:58,60.61,LOCKED,36.2822,0.0000,0.0000,0.0000,0.9516,0.00,1,classical
2026-08-24T00:52:59,59.17,LOCKED,37.0075,0.0000,0.0000,0.0000,0.9507,0.00,1,classical
2026-08-24T00:53:00,60.61,LOCKED,36.8095,0.0000,0.0000,0.0000,0.9509,0.00,1,classical
2026-08-24T00:53:01,55.25,LOCKED,37.7845,0.0000,0.0000,0.0000,0.9496,0.00,1,classical
2026-08-24T00:53:02,60.24,LOCKED,36.2275,0.0000,0.0000,0.0000,0.9517,0.00,1,classical
2026-08-24T00:53:03,57.80,LOCKED,35.9243,0.0000,0.0000,0.0000,0.9521,0.00,1,classical
2026-08-24T00:53:04,56.82,LOCKED,36.1424,0.0000,0.0000,0.0000,0.9518,0.00,1,classical
2026-08-24T00:53:05,59.88,LOCKED,35.6531,0.0000,0.0000,0.0000,0.9525,0.00,1,classical
2026-08-24T00:53:06,59.88,LOCKED,36.2592,0.0000,0.0000,0.0000,0.9517,0.00,1,classical
2026-08-24T00:53:07,60.24,LOCKED,36.7613,0.0000,0.0000,0.0000,0.9510,0.00,1,classical
2026-08-24T00:53:09,56.82,LOCKED,36.8432,0.0000,0.0000,0.0000,0.9509,0.00,1,classical
2026-08-24T00:53:10,53.19,LOCKED,37.3355,0.0000,0.0000,0.0000,0.9502,0.00,1,classical
2026-08-24T00:53:11,56.18,LOCKED,36.9032,0.0000,0.0000,0.0000,0.9508,0.00,1,classical
2026-08-24T00:53:12,57.80,LOCKED,36.1262,0.0000,0.0000,0.0000,0.9518,0.00,1,classical
2026-08-24T00:53:13,59.88,LOCKED,36.9212,0.0000,0.0000,0.0000,0.9508,0.00,1,classical
2026-08-24T00:53:14,59.88,LOCKED,36.1511,0.0000,0.0000,0.0000,0.9518,0.00,1,classical
2026-08-24T00:53:15,54.35,LOCKED,37.4291,0.0000,0.0000,0.0000,0.9501,0.00,1,classical
2026-08-24T00:53:16,55.87,LOCKED,37.5548,0.0000,0.0000,0.0000,0.9499,0.00,1,classical
2026-08-24T00:53:17,59.17,LOCKED,36.9387,0.0000,0.0000,0.0000,0.9507,0.00,1,classical
2026-08-24T00:53:18,56.18,LOCKED,37.3801,0.0000,0.0000,0.0000,0.9502,0.00,1,classical
2026-08-24T00:53:19,57.80,LOCKED,36.6495,0.0000,0.0000,0.0000,0.9511,0.00,1,classical
2026-08-24T00:53:20,59.88,LOCKED,35.5686,0.0000,0.0000,0.0000,0.9526,0.00,1,classical
2026-08-24T00:53:21,60.24,LOCKED,35.9447,0.0000,0.0000,0.0000,0.9521,0.00,1,classical
2026-08-24T00:53:22,59.88,LOCKED,35.9919,0.0000,0.0000,0.0000,0.9520,0.00,1,classical
2026-08-24T00:53:23,59.52,LOCKED,36.6649,0.0000,0.0000,0.0000,0.9511,0.00,1,classical
2026-08-24T00:53:24,60.98,LOCKED,36.8046,0.0000,0.0000,0.0000,0.9509,0.00,1,classical
2026-08-24T00:53:25,60.61,LOCKED,36.7116,0.0000,0.0000,0.0000,0.9511,0.00,1,classical
2026-08-24T00:53:26,60.98,LOCKED,36.4906,0.0000,0.0000,0.0000,0.9513,0.00,1,classical
2026-08-24T00:53:27,55.25,LOCKED,36.6310,0.0000,0.0000,0.0000,0.9512,0.00,1,classical
2026-08-24T00:53:28,57.14,LOCKED,35.8896,0.0000,0.0000,0.0000,0.9521,0.00,1,classical
2026-08-24T00:53:29,56.82,LOCKED,35.8573,0.0000,0.0000,0.0000,0.9522,0.00,1,classical
2026-08-24T00:53:30,56.18,LOCKED,36.6849,0.0000,0.0000,0.0000,0.9511,0.00,1,classical
2026-08-24T00:53:31,55.56,LOCKED,36.8649,0.0000,0.0000,0.0000,0.9508,0.00,1,classical
2026-08-24T00:53:32,52.63,LOCKED,38.0635,0.0000,0.0000,0.0000,0.9492,0.00,1,classical
2026-08-24T00:53:33,57.80,LOCKED,36.7287,0.0000,0.0000,0.0000,0.9510,0.00,1,classical
2026-08-24T00:53:34,57.47,LOCKED,36.9043,0.0000,0.0000,0.0000,0.9508,0.00,1,classical
2026-08-24T00:53:35,57.14,LOCKED,36.3694,0.0000,0.0000,0.0000,0.9515,0.00,1,classical
2026-08-24T00:53:36,55.56,LOCKED,36.4943,0.0000,0.0000,0.0000,0.9513,0.00,1,classical
2026-08-24T00:53:37,54.95,LOCKED,36.0376,0.0000,0.0000,0.0000,0.9519,0.00,1,classical
2026-08-24T00:53:38,57.14,LOCKED,36.2357,0.0000,0.0000,0.0000,0.9517,0.00,1,classical
2026-08-24T00:53:39,56.50,LOCKED,37.2058,0.0000,0.0000,0.0000,0.9504,0.00,1,classical
2026-08-24T00:53:40,59.52,LOCKED,36.9587,0.0000,0.0000,0.0000,0.9507,0.00,1,classical
2026-08-24T00:53:41,60.24,LOCKED,36.8143,0.0000,0.0000,0.0000,0.9509,0.00,1,classical
2026-08-24T00:53:42,59.88,LOCKED,36.3602,0.0000,0.0000,0.0000,0.9515,0.00,1,classical
2026-08-24T00:53:43,60.98,LOCKED,35.8509,0.0000,0.0000,0.0000,0.9522,0.00,1,classical
2026-08-24T00:53:44,60.61,LOCKED,35.0669,0.0000,0.0000,0.0000,0.9532,0.00,1,classical
2026-08-24T00:53:45,59.88,LOCKED,35.9085,0.0000,0.0000,0.0000,0.9521,0.00,1,classical
2026-08-24T00:53:46,60.24,LOCKED,36.0998,0.0000,0.0000,0.0000,0.9519,0.00,1,classical
2026-08-24T00:53:47,59.17,LOCKED,36.3409,0.0000,0.0000,0.0000,0.9515,0.00,1,classical
2026-08-24T00:53:48,61.35,LOCKED,36.5570,0.0000,0.0000,0.0000,0.9513,0.00,1,classical
2026-08-24T00:53:49,58.82,LOCKED,36.9416,0.0000,0.0000,0.0000,0.9507,0.00,1,classical
2026-08-24T00:53:50,60.61,LOCKED,35.7672,0.0000,0.0000,0.0000,0.9523,0.00,1,classical
2026-08-24T00:53:51,59.88,LOCKED,35.8157,0.0000,0.0000,0.0000,0.9522,0.00,1,classical
2026-08-24T00:53:52,58.82,LOCKED,35.4118,0.0000,0.0000,0.0000,0.9528,0.00,1,classical
2026-08-24T00:53:53,60.24,LOCKED,36.4944,0.0000,0.0000,0.0000,0.9513,0.00,1,classical
2026-08-24T00:53:54,60.24,LOCKED,36.5187,0.0000,0.0000,0.0000,0.9513,0.00,1,classical
2026-08-24T00:53:55,58.48,LOCKED,38.1151,0.0000,0.0000,0.0000,0.9492,0.00,1,classical
2026-08-24T00:53:56,56.82,LOCKED,37.4694,0.0000,0.0000,0.0000,0.9500,0.00,1,classical
2026-08-24T00:53:57,58.14,LOCKED,36.3393,0.0000,0.0000,0.0000,0.9515,0.00,1,classical
2026-08-24T00:53:58,56.50,LOCKED,36.7878,0.0000,0.0000,0.0000,0.9509,0.00,1,classical
2026-08-24T00:53:59,57.47,LOCKED,36.1625,0.0000,0.0000,0.0000,0.9518,0.00,1,classical
2026-08-24T00:54:00,56.82,LOCKED,35.7134,0.0000,0.0000,0.0000,0.9524,0.00,1,classical
2026-08-24T00:54:01,57.47,LOCKED,36.3434,0.0000,0.0000,0.0000,0.9515,0.00,1,classical
2026-08-24T00:54:02,61.35,LOCKED,36.4804,0.0000,0.0000,0.0000,0.9514,0.00,1,classical
2026-08-24T00:54:03,58.14,LOCKED,37.6039,0.0000,0.0000,0.0000,0.9499,0.00,1,classical
2026-08-24T00:54:04,58.48,LOCKED,37.3224,0.0000,0.0000,0.0000,0.9502,0.00,1,classical
2026-08-24T00:54:05,59.88,LOCKED,37.1150,0.0000,0.0000,0.0000,0.9505,0.00,1,classical
2026-08-24T00:54:06,56.50,LOCKED,36.5424,0.0000,0.0000,0.0000,0.9513,0.00,1,classical
2026-08-24T00:54:07,55.25,LOCKED,36.6483,0.0000,0.0000,0.0000,0.9511,0.00,1,classical
2026-08-24T00:54:08,57.47,LOCKED,35.3578,0.0000,0.0000,0.0000,0.9529,0.00,1,classical
2026-08-24T00:54:09,59.17,LOCKED,36.1041,0.0000,0.0000,0.0000,0.9519,0.00,1,classical
2026-08-24T00:54:10,60.61,LOCKED,37.3813,0.0000,0.0000,0.0000,0.9502,0.00,1,classical
2026-08-24T00:54:11,60.24,LOCKED,36.7855,0.0000,0.0000,0.0000,0.9510,0.00,1,classical
2026-08-24T00:54:12,59.88,LOCKED,36.8547,0.0000,0.0000,0.0000,0.9509,0.00,1,classical
2026-08-24T00:54:13,60.98,LOCKED,36.3203,0.0000,0.0000,0.0000,0.9516,0.00,1,classical
2026-08-24T00:54:14,57.80,LOCKED,36.3163,0.0000,0.0000,0.0000,0.9516,0.00,1,classical
2026-08-24T00:54:15,59.88,LOCKED,35.5598,0.0000,0.0000,0.0000,0.9526,0.00,1,classical
2026-08-24T00:54:16,60.98,LOCKED,35.8271,0.0000,0.0000,0.0000,0.9522,0.00,1,classical
2026-08-24T00:54:17,59.88,LOCKED,36.2692,0.0000,0.0000,0.0000,0.9516,0.00,1,classical
2026-08-24T00:54:18,59.17,LOCKED,36.8120,0.0000,0.0000,0.0000,0.9509,0.00,1,classical
2026-08-24T00:54:19,59.52,LOCKED,37.1729,0.0000,0.0000,0.0000,0.9504,0.00,1,classical
2026-08-24T00:54:20,60.61,LOCKED,36.9274,0.0000,0.0000,0.0000,0.9508,0.00,1,classical
2026-08-24T00:54:21,59.88,LOCKED,36.5596,0.0000,0.0000,0.0000,0.9513,0.00,1,classical
2026-08-24T00:54:22,56.50,LOCKED,36.7001,0.0000,0.0000,0.0000,0.9511,0.00,1,classical
2026-08-24T00:54:23,57.80,LOCKED,35.9569,0.0000,0.0000,0.0000,0.9521,0.00,1,classical
2026-08-24T00:54:24,60.61,LOCKED,35.6320,0.0000,0.0000,0.0000,0.9525,0.00,1,classical
2026-08-24T00:54:25,60.61,LOCKED,36.4591,0.0000,0.0000,0.0000,0.9514,0.00,1,classical
2026-08-24T00:54:26,60.98,LOCKED,37.2241,0.0000,0.0000,0.0000,0.9504,0.00,1,classical
2026-08-24T00:54:27,58.48,LOCKED,37.2283,0.0000,0.0000,0.0000,0.9504,0.00,1,classical
2026-08-24T00:54:28,60.24,LOCKED,36.7941,0.0000,0.0000,0.0000,0.9509,0.00,1,classical
2026-08-24T00:54:29,60.61,LOCKED,36.2282,0.0000,0.0000,0.0000,0.9517,0.00,1,classical
2026-08-24T00:54:30,59.17,LOCKED,36.8033,0.0000,0.0000,0.0000,0.9509,0.00,1,classical
2026-08-24T00:54:31,56.50,LOCKED,35.7561,0.0000,0.0000,0.0000,0.9523,0.00,1,classical
2026-08-24T00:54:32,60.61,LOCKED,35.7036,0.0000,0.0000,0.0000,0.9524,0.00,1,classical
2026-08-24T00:54:33,59.88,LOCKED,36.4743,0.0000,0.0000,0.0000,0.9514,0.00,1,classical
2026-08-24T00:54:34,60.61,LOCKED,36.8220,0.0000,0.0000,0.0000,0.9509,0.00,1,classical
2026-08-24T00:54:35,58.14,LOCKED,37.9300,0.0000,0.0000,0.0000,0.9494,0.00,1,classical
2026-08-24T00:54:36,59.52,LOCKED,36.5739,0.0000,0.0000,0.0000,0.9512,0.00,1,classical
2026-08-24T00:54:37,61.73,LOCKED,36.1462,0.0000,0.0000,0.0000,0.9518,0.00,1,classical
2026-08-24T00:54:38,60.24,LOCKED,35.6917,0.0000,0.0000,0.0000,0.9524,0.00,1,classical
2026-08-24T00:54:39,59.17,LOCKED,35.7940,0.0000,0.0000,0.0000,0.9523,0.00,1,classical
2026-08-24T00:54:40,57.14,LOCKED,36.5402,0.0000,0.0000,0.0000,0.9513,0.00,1,classical
2026-08-24T00:54:41,59.88,LOCKED,36.7212,0.0000,0.0000,0.0000,0.9510,0.00,1,classical
2026-08-24T00:54:42,59.52,LOCKED,36.8970,0.0000,0.0000,0.0000,0.9508,0.00,1,classical
2026-08-24T00:54:43,54.64,LOCKED,37.4747,0.0000,0.0000,0.0000,0.9500,0.00,1,classical
2026-08-24T00:54:44,58.82,LOCKED,35.9474,0.0000,0.0000,0.0000,0.9521,0.00,1,classical
2026-08-24T00:54:45,48.54,LOCKED,37.1218,0.0000,0.0000,0.0000,0.9505,0.00,1,classical
2026-08-24T00:54:46,58.82,LOCKED,35.1187,0.0000,0.0000,0.0000,0.9532,0.00,1,classical
2026-08-24T00:54:47,48.54,LOCKED,36.2508,0.0000,0.0000,0.0000,0.9517,0.00,1,classical
2026-08-24T00:54:48,60.61,LOCKED,35.1138,0.0000,0.0000,0.0000,0.9532,0.00,1,classical
2026-08-24T00:54:49,57.47,LOCKED,36.6979,0.0000,0.0000,0.0000,0.9511,0.00,1,classical
2026-08-24T00:54:50,57.47,LOCKED,36.5598,0.0000,0.0000,0.0000,0.9513,0.00,1,classical
2026-08-24T00:54:51,53.19,LOCKED,37.0219,0.0000,0.0000,0.0000,0.9506,0.00,1,classical
2026-08-24T00:54:52,59.88,LOCKED,36.2302,0.0000,0.0000,0.0000,0.9517,0.00,1,classical
2026-08-24T00:54:53,59.88,LOCKED,35.3603,0.0000,0.0000,0.0000,0.9529,0.00,1,classical
2026-08-24T00:54:54,59.88,LOCKED,35.5343,0.0000,0.0000,0.0000,0.9526,0.00,1,classical
2026-08-24T00:54:55,54.05,LOCKED,36.6447,0.0000,0.0000,0.0000,0.9511,0.00,1,classical
2026-08-24T00:54:56,60.24,LOCKED,35.9581,0.0000,0.0000,0.0000,0.9521,0.00,1,classical
2026-08-24T00:54:57,59.52,LOCKED,37.0572,0.0000,0.0000,0.0000,0.9506,0.00,1,classical
2026-08-24T00:54:58,55.25,LOCKED,37.4974,0.0000,0.0000,0.0000,0.9500,0.00,1,classical
2026-08-24T00:54:59,59.88,LOCKED,36.5299,0.0000,0.0000,0.0000,0.9513,0.00,1,classical
2026-08-24T00:55:00,60.61,LOCKED,36.3765,0.0000,0.0000,0.0000,0.9515,0.00,1,classical
2026-08-24T00:55:01,59.88,LOCKED,35.8261,0.0000,0.0000,0.0000,0.9522,0.00,1,classical
2026-08-24T00:55:02,58.48,LOCKED,35.8669,0.0000,0.0000,0.0000,0.9522,0.00,1,classical
2026-08-24T00:55:03,59.52,LOCKED,35.9949,0.0000,0.0000,0.0000,0.9520,0.00,1,classical
2026-08-24T00:55:04,60.24,LOCKED,36.3908,0.0000,0.0000,0.0000,0.9515,0.00,1,classical
2026-08-24T00:55:05,54.35,LOCKED,37.9901,0.0000,0.0000,0.0000,0.9493,0.00,1,classical
2026-08-24T00:55:06,59.52,LOCKED,37.0027,0.0000,0.0000,0.0000,0.9507,0.00,1,classical
2026-08-24T00:55:07,59.17,LOCKED,36.8685,0.0000,0.0000,0.0000,0.9508,0.00,1,classical
2026-08-24T00:55:08,60.61,LOCKED,36.2541,0.0000,0.0000,0.0000,0.9517,0.00,1,classical
2026-08-24T00:55:09,59.88,LOCKED,35.4635,0.0000,0.0000,0.0000,0.9527,0.00,1,classical
2026-08-24T00:55:10,60.24,LOCKED,35.3479,0.0000,0.0000,0.0000,0.9529,0.00,1,classical
2026-08-24T00:55:11,59.17,LOCKED,35.6050,0.0000,0.0000,0.0000,0.9525,0.00,1,classical
2026-08-24T00:55:12,59.88,LOCKED,36.1361,0.0000,0.0000,0.0000,0.9518,0.00,1,classical
2026-08-24T00:55:13,60.24,LOCKED,36.6509,0.0000,0.0000,0.0000,0.9511,0.00,1,classical
2026-08-24T00:55:15,60.98,LOCKED,36.7308,0.0000,0.0000,0.0000,0.9510,0.00,1,classical
2026-08-24T00:55:16,60.61,LOCKED,36.4186,0.0000,0.0000,0.0000,0.9514,0.00,1,classical
2026-08-24T00:55:17,58.14,LOCKED,36.6865,0.0000,0.0000,0.0000,0.9511,0.00,1,classical
2026-08-24T00:55:18,61.35,LOCKED,35.4695,0.0000,0.0000,0.0000,0.9527,0.00,1,classical
2026-08-24T00:55:19,60.24,LOCKED,35.8827,0.0000,0.0000,0.0000,0.9522,0.00,1,classical
2026-08-24T00:55:20,59.17,LOCKED,36.6733,0.0000,0.0000,0.0000,0.9511,0.00,1,classical
2026-08-24T00:55:21,59.52,LOCKED,36.9047,0.0000,0.0000,0.0000,0.9508,0.00,1,classical
2026-08-24T00:55:22,57.80,LOCKED,37.7921,0.0000,0.0000,0.0000,0.9496,0.00,1,classical
2026-08-24T00:55:23,58.14,LOCKED,36.9384,0.0000,0.0000,0.0000,0.9507,0.00,1,classical
2026-08-24T00:55:24,59.17,LOCKED,36.5270,0.0000,0.0000,0.0000,0.9513,0.00,1,classical
2026-08-24T00:55:25,58.82,LOCKED,36.1466,0.0000,0.0000,0.0000,0.9518,0.00,1,classical
2026-08-24T00:55:26,56.82,LOCKED,35.9926,0.0000,0.0000,0.0000,0.9520,0.00,1,classical
2026-08-24T00:55:27,58.48,LOCKED,36.1091,0.0000,0.0000,0.0000,0.9519,0.00,1,classical
2026-08-24T00:55:28,58.48,LOCKED,35.8034,0.0000,0.0000,0.0000,0.9523,0.00,1,classical
2026-08-24T00:55:29,56.50,LOCKED,36.9009,0.0000,0.0000,0.0000,0.9508,0.00,1,classical
2026-08-24T00:55:30,55.25,LOCKED,37.7320,0.0000,0.0000,0.0000,0.9497,0.00,1,classical
2026-08-24T00:55:31,60.61,LOCKED,36.6578,0.0000,0.0000,0.0000,0.9511,0.00,1,classical
2026-08-24T00:55:32,59.17,LOCKED,36.4834,0.0000,0.0000,0.0000,0.9514,0.00,1,classical
2026-08-24T00:55:33,60.24,LOCKED,35.3751,0.0000,0.0000,0.0000,0.9528,0.00,1,classical
2026-08-24T00:55:34,59.88,LOCKED,35.2488,0.0000,0.0000,0.0000,0.9530,0.00,1,classical
2026-08-24T00:55:35,59.17,LOCKED,35.7805,0.0000,0.0000,0.0000,0.9523,0.00,1,classical
2026-08-24T00:55:36,60.24,LOCKED,36.0042,0.0000,0.0000,0.0000,0.9520,0.00,1,classical
2026-08-24T00:55:37,60.61,LOCKED,36.3734,0.0000,0.0000,0.0000,0.9515,0.00,1,classical
2026-08-24T00:55:38,61.35,LOCKED,36.6763,0.0000,0.0000,0.0000,0.9511,0.00,1,classical
2026-08-24T00:55:39,60.61,LOCKED,36.9088,0.0000,0.0000,0.0000,0.9508,0.00,1,classical
2026-08-24T00:55:40,59.88,LOCKED,35.7196,0.0000,0.0000,0.0000,0.9524,0.00,1,classical
2026-08-24T00:55:41,60.24,LOCKED,36.0312,0.0000,0.0000,0.0000,0.9520,0.00,1,classical
2026-08-24T00:55:42,60.61,LOCKED,35.6470,0.0000,0.0000,0.0000,0.9525,0.00,1,classical
2026-08-24T00:55:43,60.98,LOCKED,35.7302,0.0000,0.0000,0.0000,0.9524,0.00,1,classical
2026-08-24T00:55:44,60.61,LOCKED,36.5412,0.0000,0.0000,0.0000,0.9513,0.00,1,classical
2026-08-24T00:55:45,60.24,LOCKED,37.0183,0.0000,0.0000,0.0000,0.9506,0.00,1,classical
2026-08-24T00:55:46,60.61,LOCKED,37.1263,0.0000,0.0000,0.0000,0.9505,0.00,1,classical
2026-08-24T00:55:47,58.14,LOCKED,37.2976,0.0000,0.0000,0.0000,0.9503,0.00,1,classical
2026-08-24T00:55:48,58.14,LOCKED,36.6579,0.0000,0.0000,0.0000,0.9511,0.00,1,classical
2026-08-24T00:55:49,60.61,LOCKED,35.3709,0.0000,0.0000,0.0000,0.9528,0.00,1,classical
2026-08-24T00:55:50,60.24,LOCKED,35.7446,0.0000,0.0000,0.0000,0.9523,0.00,1,classical
2026-08-24T00:55:51,60.61,LOCKED,36.0961,0.0000,0.0000,0.0000,0.9519,0.00,1,classical
2026-08-24T00:55:52,60.61,LOCKED,36.7371,0.0000,0.0000,0.0000,0.9510,0.00,1,classical
2026-08-24T00:55:53,60.61,LOCKED,37.3109,0.0000,0.0000,0.0000,0.9503,0.00,1,classical
2026-08-24T00:55:54,57.47,LOCKED,37.8213,0.0000,0.0000,0.0000,0.9496,0.00,1,classical
2026-08-24T00:55:55,59.88,LOCKED,36.6393,0.0000,0.0000,0.0000,0.9511,0.00,1,classical
2026-08-24T00:55:56,56.18,LOCKED,36.0801,0.0000,0.0000,0.0000,0.9519,0.00,1,classical
2026-08-24T00:55:57,59.17,LOCKED,34.9758,0.0000,0.0000,0.0000,0.9534,0.00,1,classical
2026-08-24T00:55:58,57.47,LOCKED,35.6728,0.0000,0.0000,0.0000,0.9524,0.00,1,classical
2026-08-24T00:55:59,55.87,LOCKED,36.3031,0.0000,0.0000,0.0000,0.9516,0.00,1,classical
2026-08-24T00:56:00,59.17,LOCKED,35.9896,0.0000,0.0000,0.0000,0.9520,0.00,1,classical
2026-08-24T00:56:01,57.80,LOCKED,37.4419,0.0000,0.0000,0.0000,0.9501,0.00,1,classical
2026-08-24T00:56:02,59.52,LOCKED,36.3662,0.0000,0.0000,0.0000,0.9515,0.00,1,classical
2026-08-24T00:56:03,58.82,LOCKED,36.1084,0.0000,0.0000,0.0000,0.9519,0.00,1,classical
2026-08-24T00:56:04,53.48,LOCKED,37.1132,0.0000,0.0000,0.0000,0.9505,0.00,1,classical
2026-08-24T00:56:05,52.91,LOCKED,35.6621,0.0000,0.0000,0.0000,0.9525,0.00,1,classical
2026-08-24T00:56:06,59.88,LOCKED,35.0229,0.0000,0.0000,0.0000,0.9533,0.00,1,classical
2026-08-24T00:56:07,55.56,LOCKED,36.6551,0.0000,0.0000,0.0000,0.9511,0.00,1,classical
2026-08-24T00:56:08,59.17,LOCKED,36.0750,0.0000,0.0000,0.0000,0.9519,0.00,1,classical
2026-08-24T00:56:09,60.61,LOCKED,36.8958,0.0000,0.0000,0.0000,0.9508,0.00,1,classical
2026-08-24T00:56:10,60.98,LOCKED,37.0265,0.0000,0.0000,0.0000,0.9506,0.00,1,classical
2026-08-24T00:56:11,61.73,LOCKED,35.7627,0.0000,0.0000,0.0000,0.9523,0.00,1,classical
2026-08-24T00:56:12,59.88,LOCKED,35.7403,0.0000,0.0000,0.0000,0.9523,0.00,1,classical
2026-08-24T00:56:13,61.35,LOCKED,35.4453,0.0000,0.0000,0.0000,0.9527,0.00,1,classical
2026-08-24T00:56:14,61.35,LOCKED,35.5599,0.0000,0.0000,0.0000,0.9526,0.00,1,classical
2026-08-24T00:56:15,59.88,LOCKED,36.2121,0.0000,0.0000,0.0000,0.9517,0.00,1,classical
2026-08-24T00:56:16,60.24,LOCKED,36.6736,0.0000,0.0000,0.0000,0.9511,0.00,1,classical
2026-08-24T00:56:17,59.88,LOCKED,36.8396,0.0000,0.0000,0.0000,0.9509,0.00,1,classical
2026-08-24T00:56:18,57.14,LOCKED,36.7149,0.0000,0.0000,0.0000,0.9510,0.00,1,classical
2026-08-24T00:56:19,57.14,LOCKED,36.5056,0.0000,0.0000,0.0000,0.9513,0.00,1,classical
2026-08-24T00:56:20,56.82,LOCKED,35.7979,0.0000,0.0000,0.0000,0.9523,0.00,1,classical
2026-08-24T00:56:21,56.82,LOCKED,35.5280,0.0000,0.0000,0.0000,0.9526,0.00,1,classical
2026-08-24T00:56:22,58.48,LOCKED,36.3040,0.0000,0.0000,0.0000,0.9516,0.00,1,classical
2026-08-24T00:56:23,56.82,LOCKED,36.5908,0.0000,0.0000,0.0000,0.9512,0.00,1,classical
2026-08-24T00:56:24,56.50,LOCKED,37.1145,0.0000,0.0000,0.0000,0.9505,0.00,1,classical
2026-08-24T00:56:25,56.82,LOCKED,37.7171,0.0000,0.0000,0.0000,0.9497,0.00,1,classical
2026-08-24T00:56:26,56.82,LOCKED,37.4822,0.0000,0.0000,0.0000,0.9500,0.00,1,classical
2026-08-24T00:56:27,56.50,LOCKED,37.0419,0.0000,0.0000,0.0000,0.9506,0.00,1,classical
2026-08-24T00:56:28,54.95,LOCKED,36.2329,0.0000,0.0000,0.0000,0.9517,0.00,1,classical
2026-08-24T00:56:29,60.61,LOCKED,35.8266,0.0000,0.0000,0.0000,0.9522,0.00,1,classical
2026-08-24T00:56:30,60.24,LOCKED,36.3732,0.0000,0.0000,0.0000,0.9515,0.00,1,classical
2026-08-24T00:56:31,60.24,LOCKED,36.4610,0.0000,0.0000,0.0000,0.9514,0.00,1,classical
2026-08-24T00:56:32,60.24,LOCKED,36.7566,0.0000,0.0000,0.0000,0.9510,0.00,1,classical
2026-08-24T00:56:33,58.48,LOCKED,37.1377,0.0000,0.0000,0.0000,0.9505,0.00,1,classical
2026-08-24T00:56:34,59.52,LOCKED,36.3900,0.0000,0.0000,0.0000,0.9515,0.00,1,classical
2026-08-24T00:56:35,58.48,LOCKED,35.8360,0.0000,0.0000,0.0000,0.9522,0.00,1,classical
2026-08-24T00:56:36,59.88,LOCKED,35.4642,0.0000,0.0000,0.0000,0.9527,0.00,1,classical
2026-08-24T00:56:37,60.24,LOCKED,35.5427,0.0000,0.0000,0.0000,0.9526,0.00,1,classical
2026-08-24T00:56:38,59.52,LOCKED,35.7086,0.0000,0.0000,0.0000,0.9524,0.00,1,classical
2026-08-24T00:56:39,59.88,LOCKED,36.6975,0.0000,0.0000,0.0000,0.9511,0.00,1,classical
2026-08-24T00:56:40,61.35,LOCKED,36.3736,0.0000,0.0000,0.0000,0.9515,0.00,1,classical
2026-08-24T00:56:41,60.98,LOCKED,36.4966,0.0000,0.0000,0.0000,0.9513,0.00,1,classical
2026-08-24T00:56:42,60.61,LOCKED,36.4736,0.0000,0.0000,0.0000,0.9514,0.00,1,classical
2026-08-24T00:56:43,61.35,LOCKED,35.7960,0.0000,0.0000,0.0000,0.9523,0.00,1,classical
2026-08-24T00:56:44,61.35,LOCKED,35.7386,0.0000,0.0000,0.0000,0.9523,0.00,1,classical
2026-08-24T00:56:45,58.48,LOCKED,36.0476,0.0000,0.0000,0.0000,0.9519,0.00,1,classical
2026-08-24T00:56:46,56.50,LOCKED,37.2168,0.0000,0.0000,0.0000,0.9504,0.00,1,classical
2026-08-24T00:56:47,56.82,LOCKED,37.1229,0.0000,0.0000,0.0000,0.9505,0.00,1,classical
2026-08-24T00:56:48,57.80,LOCKED,37.1119,0.0000,0.0000,0.0000,0.9505,0.00,1,classical
2026-08-24T00:56:49,59.88,LOCKED,36.8979,0.0000,0.0000,0.0000,0.9508,0.00,1,classical
2026-08-24T00:56:50,59.88,LOCKED,36.2064,0.0000,0.0000,0.0000,0.9517,0.00,1,classical
2026-08-24T00:56:51,61.35,LOCKED,35.7139,0.0000,0.0000,0.0000,0.9524,0.00,1,classical
2026-08-24T00:56:52,59.52,LOCKED,35.4071,0.0000,0.0000,0.0000,0.9528,0.00,1,classical
2026-08-24T00:56:53,60.24,LOCKED,35.9251,0.0000,0.0000,0.0000,0.9521,0.00,1,classical
2026-08-24T00:56:54,60.24,LOCKED,36.2086,0.0000,0.0000,0.0000,0.9517,0.00,1,classical
2026-08-24T00:56:55,60.98,LOCKED,36.9191,0.0000,0.0000,0.0000,0.9508,0.00,1,classical
2026-08-24T00:56:56,60.24,LOCKED,37.3514,0.0000,0.0000,0.0000,0.9502,0.00,1,classical
2026-08-24T00:56:57,54.35,LOCKED,37.2579,0.0000,0.0000,0.0000,0.9503,0.00,1,classical
2026-08-24T00:56:58,58.82,LOCKED,37.0368,0.0000,0.0000,0.0000,0.9506,0.00,1,classical
2026-08-24T00:56:59,58.82,LOCKED,36.2379,0.0000,0.0000,0.0000,0.9517,0.00,1,classical
2026-08-24T00:57:00,57.80,LOCKED,36.3388,0.0000,0.0000,0.0000,0.9515,0.00,1,classical
2026-08-24T00:57:01,54.95,LOCKED,36.9448,0.0000,0.0000,0.0000,0.9507,0.00,1,classical
2026-08-24T00:57:02,58.48,LOCKED,36.7453,0.0000,0.0000,0.0000,0.9510,0.00,1,classical
2026-08-24T00:57:03,58.14,LOCKED,37.0234,0.0000,0.0000,0.0000,0.9506,0.00,1,classical
2026-08-24T00:57:04,58.14,LOCKED,37.3187,0.0000,0.0000,0.0000,0.9502,0.00,1,classical
2026-08-24T00:57:05,60.61,LOCKED,36.1083,0.0000,0.0000,0.0000,0.9519,0.00,1,classical
2026-08-24T00:57:06,61.35,LOCKED,35.2791,0.0000,0.0000,0.0000,0.9530,0.00,1,classical
2026-08-24T00:57:07,60.61,LOCKED,35.0825,0.0000,0.0000,0.0000,0.9532,0.00,1,classical
2026-08-24T00:57:08,56.50,LOCKED,35.5594,0.0000,0.0000,0.0000,0.9526,0.00,1,classical
2026-08-24T00:57:09,55.87,LOCKED,36.3348,0.0000,0.0000,0.0000,0.9516,0.00,1,classical
2026-08-24T00:57:10,58.82,LOCKED,37.1862,0.0000,0.0000,0.0000,0.9504,0.00,1,classical
2026-08-24T00:57:11,56.82,LOCKED,37.0646,0.0000,0.0000,0.0000,0.9506,0.00,1,classical
2026-08-24T00:57:12,55.25,LOCKED,37.5156,0.0000,0.0000,0.0000,0.9500,0.00,1,classical
2026-08-24T00:57:13,59.17,LOCKED,37.5109,0.0000,0.0000,0.0000,0.9500,0.00,1,classical
2026-08-24T00:57:15,58.48,LOCKED,35.8942,0.0000,0.0000,0.0000,0.9521,0.00,1,classical
2026-08-24T00:57:16,59.88,LOCKED,36.2602,0.0000,0.0000,0.0000,0.9517,0.00,1,classical
2026-08-24T00:57:17,60.24,LOCKED,35.4238,0.0000,0.0000,0.0000,0.9528,0.00,1,classical
2026-08-24T00:57:18,58.14,LOCKED,37.0442,0.0000,0.0000,0.0000,0.9506,0.00,1,classical
2026-08-24T00:57:19,57.80,LOCKED,37.2490,0.0000,0.0000,0.0000,0.9503,0.00,1,classical
2026-08-24T00:57:20,56.50,LOCKED,37.0767,0.0000,0.0000,0.0000,0.9506,0.00,1,classical
2026-08-24T00:57:21,55.87,LOCKED,36.9756,0.0000,0.0000,0.0000,0.9507,0.00,1,classical
2026-08-24T00:57:22,59.52,LOCKED,36.2009,0.0000,0.0000,0.0000,0.9517,0.00,1,classical
2026-08-24T00:57:23,60.98,LOCKED,35.7954,0.0000,0.0000,0.0000,0.9523,0.00,1,classical
2026-08-24T00:57:24,60.61,LOCKED,35.6344,0.0000,0.0000,0.0000,0.9525,0.00,1,classical
2026-08-24T00:57:25,52.63,LOCKED,36.3438,0.0000,0.0000,0.0000,0.9515,0.00,1,classical
2026-08-24T00:57:26,60.61,LOCKED,35.3143,0.0000,0.0000,0.0000,0.9529,0.00,1,classical
2026-08-24T00:57:27,58.14,LOCKED,36.9024,0.0000,0.0000,0.0000,0.9508,0.00,1,classical
2026-08-24T00:57:28,58.48,LOCKED,35.7164,0.0000,0.0000,0.0000,0.9524,0.00,1,classical
2026-08-24T00:57:29,44.05,LOCKED,38.8613,0.0000,0.0000,0.0000,0.9482,0.00,1,classical
2026-08-24T00:57:30,59.17,LOCKED,35.2413,0.0000,0.0000,0.0000,0.9530,0.00,1,classical
2026-08-24T00:57:31,60.98,LOCKED,36.7856,0.0000,0.0000,0.0000,0.9510,0.00,1,classical
2026-08-24T00:57:32,58.82,LOCKED,35.1151,0.0000,0.0000,0.0000,0.9532,0.00,1,classical
2026-08-24T00:57:33,59.88,LOCKED,34.8492,0.0000,0.0000,0.0000,0.9535,0.00,1,classical
2026-08-24T00:57:34,60.24,LOCKED,35.7757,0.0000,0.0000,0.0000,0.9523,0.00,1,classical
2026-08-24T00:57:35,57.80,LOCKED,37.1526,0.0000,0.0000,0.0000,0.9505,0.00,1,classical
2026-08-24T00:57:36,59.52,LOCKED,36.9930,0.0000,0.0000,0.0000,0.9507,0.00,1,classical
2026-08-24T00:57:37,57.14,LOCKED,37.1042,0.0000,0.0000,0.0000,0.9505,0.00,1,classical
2026-08-24T00:57:38,60.24,LOCKED,35.8915,0.0000,0.0000,0.0000,0.9521,0.00,1,classical
2026-08-24T00:57:39,59.88,LOCKED,35.7364,0.0000,0.0000,0.0000,0.9524,0.00,1,classical
2026-08-24T00:57:40,59.88,LOCKED,36.0051,0.0000,0.0000,0.0000,0.9520,0.00,1,classical
2026-08-24T00:57:41,59.17,LOCKED,36.5058,0.0000,0.0000,0.0000,0.9513,0.00,1,classical
2026-08-24T00:57:42,56.18,LOCKED,36.8675,0.0000,0.0000,0.0000,0.9508,0.00,1,classical
2026-08-24T00:57:43,57.80,LOCKED,36.9908,0.0000,0.0000,0.0000,0.9507,0.00,1,classical
2026-08-24T00:57:44,59.17,LOCKED,37.0819,0.0000,0.0000,0.0000,0.9506,0.00,1,classical
2026-08-24T00:57:45,58.48,LOCKED,36.9190,0.0000,0.0000,0.0000,0.9508,0.00,1,classical
2026-08-24T00:57:46,60.98,LOCKED,36.1193,0.0000,0.0000,0.0000,0.9518,0.00,1,classical
2026-08-24T00:57:47,60.98,LOCKED,35.8063,0.0000,0.0000,0.0000,0.9523,0.00,1,classical
2026-08-24T00:57:48,58.14,LOCKED,36.1835,0.0000,0.0000,0.0000,0.9518,0.00,1,classical
2026-08-24T00:57:49,59.88,LOCKED,36.0696,0.0000,0.0000,0.0000,0.9519,0.00,1,classical
2026-08-24T00:57:50,59.17,LOCKED,37.0605,0.0000,0.0000,0.0000,0.9506,0.00,1,classical
2026-08-24T00:57:51,55.87,LOCKED,37.9419,0.0000,0.0000,0.0000,0.9494,0.00,1,classical
2026-08-24T00:57:52,58.14,LOCKED,37.0341,0.0000,0.0000,0.0000,0.9506,0.00,1,classical
2026-08-24T00:57:53,59.52,LOCKED,36.4933,0.0000,0.0000,0.0000,0.9513,0.00,1,classical
2026-08-24T00:57:54,58.48,LOCKED,35.8759,0.0000,0.0000,0.0000,0.9522,0.00,1,classical
2026-08-24T00:57:55,59.88,LOCKED,35.5270,0.0000,0.0000,0.0000,0.9526,0.00,1,classical
2026-08-24T00:57:56,60.24,LOCKED,35.2887,0.0000,0.0000,0.0000,0.9529,0.00,1,classical
2026-08-24T00:57:57,60.24,LOCKED,36.4866,0.0000,0.0000,0.0000,0.9514,0.00,1,classical
2026-08-24T00:57:58,60.61,LOCKED,36.5726,0.0000,0.0000,0.0000,0.9512,0.00,1,classical
2026-08-24T00:57:59,59.88,LOCKED,37.3912,0.0000,0.0000,0.0000,0.9501,0.00,1,classical
2026-08-24T00:58:00,60.24,LOCKED,36.9061,0.0000,0.0000,0.0000,0.9508,0.00,1,classical
2026-08-24T00:58:01,61.35,LOCKED,36.4065,0.0000,0.0000,0.0000,0.9515,0.00,1,classical
2026-08-24T00:58:02,58.48,LOCKED,36.3867,0.0000,0.0000,0.0000,0.9515,0.00,1,classical
2026-08-24T00:58:03,58.82,LOCKED,35.7762,0.0000,0.0000,0.0000,0.9523,0.00,1,classical
2026-08-24T00:58:04,56.82,LOCKED,36.3787,0.0000,0.0000,0.0000,0.9515,0.00,1,classical
2026-08-24T00:58:05,58.48,LOCKED,36.2030,0.0000,0.0000,0.0000,0.9517,0.00,1,classical
2026-08-24T00:58:06,60.61,LOCKED,36.7627,0.0000,0.0000,0.0000,0.9510,0.00,1,classical
2026-08-24T00:58:07,59.88,LOCKED,37.2180,0.0000,0.0000,0.0000,0.9504,0.00,1,classical
2026-08-24T00:58:08,57.47,LOCKED,37.2625,0.0000,0.0000,0.0000,0.9503,0.00,1,classical
2026-08-24T00:58:09,59.52,LOCKED,36.5984,0.0000,0.0000,0.0000,0.9512,0.00,1,classical
2026-08-24T00:58:10,57.80,LOCKED,35.9342,0.0000,0.0000,0.0000,0.9521,0.00,1,classical
2026-08-24T00:58:11,60.98,LOCKED,35.6367,0.0000,0.0000,0.0000,0.9525,0.00,1,classical
2026-08-24T00:58:12,59.88,LOCKED,36.1862,0.0000,0.0000,0.0000,0.9518,0.00,1,classical
2026-08-24T00:58:13,60.24,LOCKED,36.4391,0.0000,0.0000,0.0000,0.9514,0.00,1,classical
2026-08-24T00:58:14,59.88,LOCKED,36.8435,0.0000,0.0000,0.0000,0.9509,0.00,1,classical
2026-08-24T00:58:15,59.52,LOCKED,37.5203,0.0000,0.0000,0.0000,0.9500,0.00,1,classical
2026-08-24T00:58:16,59.52,LOCKED,36.9192,0.0000,0.0000,0.0000,0.9508,0.00,1,classical
2026-08-24T00:58:17,59.17,LOCKED,36.6092,0.0000,0.0000,0.0000,0.9512,0.00,1,classical
2026-08-24T00:58:18,60.61,LOCKED,35.9856,0.0000,0.0000,0.0000,0.9520,0.00,1,classical
2026-08-24T00:58:19,60.24,LOCKED,35.9551,0.0000,0.0000,0.0000,0.9521,0.00,1,classical
2026-08-24T00:58:20,59.17,LOCKED,36.3415,0.0000,0.0000,0.0000,0.9515,0.00,1,classical
2026-08-24T00:58:21,60.98,LOCKED,36.5569,0.0000,0.0000,0.0000,0.9513,0.00,1,classical
2026-08-24T00:58:22,59.88,LOCKED,37.2722,0.0000,0.0000,0.0000,0.9503,0.00,1,classical
2026-08-24T00:58:23,60.24,LOCKED,37.1961,0.0000,0.0000,0.0000,0.9504,0.00,1,classical
2026-08-24T00:58:24,59.52,LOCKED,36.6936,0.0000,0.0000,0.0000,0.9511,0.00,1,classical
2026-08-24T00:58:25,60.24,LOCKED,36.5602,0.0000,0.0000,0.0000,0.9513,0.00,1,classical
2026-08-24T00:58:26,58.82,LOCKED,35.8855,0.0000,0.0000,0.0000,0.9522,0.00,1,classical
2026-08-24T00:58:27,59.88,LOCKED,35.9203,0.0000,0.0000,0.0000,0.9521,0.00,1,classical
2026-08-24T00:58:28,59.88,LOCKED,36.1886,0.0000,0.0000,0.0000,0.9517,0.00,1,classical
2026-08-24T00:58:29,59.88,LOCKED,36.6602,0.0000,0.0000,0.0000,0.9511,0.00,1,classical
2026-08-24T00:58:30,58.14,LOCKED,37.5240,0.0000,0.0000,0.0000,0.9500,0.00,1,classical
2026-08-24T00:58:31,59.88,LOCKED,37.2172,0.0000,0.0000,0.0000,0.9504,0.00,1,classical
2026-08-24T00:58:32,60.24,LOCKED,36.8716,0.0000,0.0000,0.0000,0.9508,0.00,1,classical
2026-08-24T00:58:33,60.98,LOCKED,36.0281,0.0000,0.0000,0.0000,0.9520,0.00,1,classical
2026-08-24T00:58:34,60.24,LOCKED,35.7011,0.0000,0.0000,0.0000,0.9524,0.00,1,classical
2026-08-24T00:58:35,59.17,LOCKED,35.9649,0.0000,0.0000,0.0000,0.9520,0.00,1,classical
2026-08-24T00:58:36,58.82,LOCKED,36.5573,0.0000,0.0000,0.0000,0.9513,0.00,1,classical
2026-08-24T00:58:37,60.98,LOCKED,36.8110,0.0000,0.0000,0.0000,0.9509,0.00,1,classical
2026-08-24T00:58:38,59.17,LOCKED,37.4603,0.0000,0.0000,0.0000,0.9501,0.00,1,classical
2026-08-24T00:58:39,59.52,LOCKED,37.2743,0.0000,0.0000,0.0000,0.9503,0.00,1,classical
2026-08-24T00:58:40,60.61,LOCKED,36.5558,0.0000,0.0000,0.0000,0.9513,0.00,1,classical
2026-08-24T00:58:41,58.82,LOCKED,36.3377,0.0000,0.0000,0.0000,0.9515,0.00,1,classical
2026-08-24T00:58:42,56.82,LOCKED,36.0195,0.0000,0.0000,0.0000,0.9520,0.00,1,classical
2026-08-24T00:58:43,60.98,LOCKED,35.5041,0.0000,0.0000,0.0000,0.9527,0.00,1,classical
2026-08-24T00:58:44,60.24,LOCKED,36.5640,0.0000,0.0000,0.0000,0.9512,0.00,1,classical
2026-08-24T00:58:45,58.82,LOCKED,37.1522,0.0000,0.0000,0.0000,0.9505,0.00,1,classical
2026-08-24T00:58:46,59.88,LOCKED,37.2116,0.0000,0.0000,0.0000,0.9504,0.00,1,classical
2026-08-24T00:58:47,59.17,LOCKED,37.0138,0.0000,0.0000,0.0000,0.9506,0.00,1,classical
2026-08-24T00:58:48,60.61,LOCKED,36.7173,0.0000,0.0000,0.0000,0.9510,0.00,1,classical
2026-08-24T00:58:49,57.47,LOCKED,36.2918,0.0000,0.0000,0.0000,0.9516,0.00,1,classical
2026-08-24T00:58:50,59.52,LOCKED,35.6737,0.0000,0.0000,0.0000,0.9524,0.00,1,classical
2026-08-24T00:58:51,59.88,LOCKED,36.0498,0.0000,0.0000,0.0000,0.9519,0.00,1,classical
2026-08-24T00:58:52,60.61,LOCKED,36.2966,0.0000,0.0000,0.0000,0.9516,0.00,1,classical
2026-08-24T00:58:53,60.98,LOCKED,36.7429,0.0000,0.0000,0.0000,0.9510,0.00,1,classical
2026-08-24T00:58:54,60.24,LOCKED,36.6724,0.0000,0.0000,0.0000,0.9511,0.00,1,classical
2026-08-24T00:58:55,60.61,LOCKED,36.3264,0.0000,0.0000,0.0000,0.9516,0.00,1,classical
2026-08-24T00:58:56,60.24,LOCKED,36.1805,0.0000,0.0000,0.0000,0.9518,0.00,1,classical
2026-08-24T00:58:57,60.98,LOCKED,35.6864,0.0000,0.0000,0.0000,0.9524,0.00,1,classical
2026-08-24T00:58:58,60.98,LOCKED,35.6188,0.0000,0.0000,0.0000,0.9525,0.00,1,classical
2026-08-24T00:58:59,59.88,LOCKED,36.2041,0.0000,0.0000,0.0000,0.9517,0.00,1,classical
2026-08-24T00:59:00,60.24,LOCKED,36.5705,0.0000,0.0000,0.0000,0.9512,0.00,1,classical
2026-08-24T00:59:01,60.61,LOCKED,36.8307,0.0000,0.0000,0.0000,0.9509,0.00,1,classical
2026-08-24T00:59:02,60.61,LOCKED,36.9242,0.0000,0.0000,0.0000,0.9508,0.00,1,classical
2026-08-24T00:59:03,59.52,LOCKED,37.0747,0.0000,0.0000,0.0000,0.9506,0.00,1,classical
2026-08-24T00:59:04,58.48,LOCKED,36.9440,0.0000,0.0000,0.0000,0.9507,0.00,1,classical
2026-08-24T00:59:05,53.48,LOCKED,36.4899,0.0000,0.0000,0.0000,0.9513,0.00,1,classical
2026-08-24T00:59:06,58.82,LOCKED,35.5552,0.0000,0.0000,0.0000,0.9526,0.00,1,classical
2026-08-24T00:59:07,57.47,LOCKED,36.3922,0.0000,0.0000,0.0000,0.9515,0.00,1,classical
2026-08-24T00:59:08,59.17,LOCKED,36.8133,0.0000,0.0000,0.0000,0.9509,0.00,1,classical
2026-08-24T00:59:09,59.52,LOCKED,36.8988,0.0000,0.0000,0.0000,0.9508,0.00,1,classical
2026-08-24T00:59:10,60.98,LOCKED,37.1756,0.0000,0.0000,0.0000,0.9504,0.00,1,classical
2026-08-24T00:59:11,61.35,LOCKED,35.9947,0.0000,0.0000,0.0000,0.9520,0.00,1,classical
2026-08-24T00:59:12,60.24,LOCKED,36.0480,0.0000,0.0000,0.0000,0.9519,0.00,1,classical
2026-08-24T00:59:13,60.61,LOCKED,35.5385,0.0000,0.0000,0.0000,0.9526,0.00,1,classical
2026-08-24T00:59:14,59.52,LOCKED,35.9626,0.0000,0.0000,0.0000,0.9520,0.00,1,classical
2026-08-24T00:59:15,60.24,LOCKED,36.2388,0.0000,0.0000,0.0000,0.9517,0.00,1,classical
2026-08-24T00:59:16,60.24,LOCKED,36.9506,0.0000,0.0000,0.0000,0.9507,0.00,1,classical
2026-08-24T00:59:18,60.24,LOCKED,37.2950,0.0000,0.0000,0.0000,0.9503,0.00,1,classical
2026-08-24T00:59:19,60.61,LOCKED,36.7938,0.0000,0.0000,0.0000,0.9509,0.00,1,classical
2026-08-24T00:59:20,57.80,LOCKED,36.6914,0.0000,0.0000,0.0000,0.9511,0.00,1,classical
2026-08-24T00:59:21,59.88,LOCKED,35.8530,0.0000,0.0000,0.0000,0.9522,0.00,1,classical
2026-08-24T00:59:22,58.48,LOCKED,35.9755,0.0000,0.0000,0.0000,0.9520,0.00,1,classical
2026-08-24T00:59:23,57.80,LOCKED,36.1034,0.0000,0.0000,0.0000,0.9519,0.00,1,classical
2026-08-24T00:59:24,58.48,LOCKED,36.3616,0.0000,0.0000,0.0000,0.9515,0.00,1,classical
2026-08-24T00:59:25,59.88,LOCKED,36.1925,0.0000,0.0000,0.0000,0.9517,0.00,1,classical
2026-08-24T00:59:26,58.48,LOCKED,37.2566,0.0000,0.0000,0.0000,0.9503,0.00,1,classical
2026-08-24T00:59:27,55.87,LOCKED,37.5393,0.0000,0.0000,0.0000,0.9499,0.00,1,classical
2026-08-24T00:59:28,57.47,LOCKED,36.2165,0.0000,0.0000,0.0000,0.9517,0.00,1,classical
2026-08-24T00:59:29,55.87,LOCKED,36.2175,0.0000,0.0000,0.0000,0.9517,0.00,1,classical
2026-08-24T00:59:30,60.24,LOCKED,34.9665,0.0000,0.0000,0.0000,0.9534,0.00,1,classical
2026-08-24T00:59:31,60.98,LOCKED,35.7302,0.0000,0.0000,0.0000,0.9524,0.00,1,classical
2026-08-24T00:59:32,59.52,LOCKED,36.5409,0.0000,0.0000,0.0000,0.9513,0.00,1,classical
2026-08-24T00:59:33,60.24,LOCKED,37.0323,0.0000,0.0000,0.0000,0.9506,0.00,1,classical
2026-08-24T00:59:34,59.88,LOCKED,36.8956,0.0000,0.0000,0.0000,0.9508,0.00,1,classical
2026-08-24T00:59:35,60.24,LOCKED,36.8030,0.0000,0.0000,0.0000,0.9509,0.00,1,classical
2026-08-24T00:59:36,59.52,LOCKED,36.2084,0.0000,0.0000,0.0000,0.9517,0.00,1,classical
2026-08-24T00:59:37,59.88,LOCKED,35.5775,0.0000,0.0000,0.0000,0.9526,0.00,1,classical
2026-08-24T00:59:38,60.24,LOCKED,35.6914,0.0000,0.0000,0.0000,0.9524,0.00,1,classical
2026-08-24T00:59:39,59.52,LOCKED,36.1657,0.0000,0.0000,0.0000,0.9518,0.00,1,classical
2026-08-24T00:59:40,60.61,LOCKED,36.7807,0.0000,0.0000,0.0000,0.9510,0.00,1,classical
2026-08-24T00:59:41,59.52,LOCKED,37.2448,0.0000,0.0000,0.0000,0.9503,0.00,1,classical
2026-08-24T00:59:42,61.35,LOCKED,36.8548,0.0000,0.0000,0.0000,0.9509,0.00,1,classical
2026-08-24T00:59:43,60.61,LOCKED,36.7349,0.0000,0.0000,0.0000,0.9510,0.00,1,classical
2026-08-24T00:59:44,59.88,LOCKED,36.1602,0.0000,0.0000,0.0000,0.9518,0.00,1,classical
2026-08-24T00:59:45,60.61,LOCKED,35.7207,0.0000,0.0000,0.0000,0.9524,0.00,1,classical
2026-08-24T00:59:46,57.14,LOCKED,36.1565,0.0000,0.0000,0.0000,0.9518,0.00,1,classical
2026-08-24T00:59:47,60.61,LOCKED,36.2156,0.0000,0.0000,0.0000,0.9517,0.00,1,classical
2026-08-24T00:59:48,60.98,LOCKED,36.8745,0.0000,0.0000,0.0000,0.9508,0.00,1,classical
2026-08-24T00:59:49,60.24,LOCKED,37.2497,0.0000,0.0000,0.0000,0.9503,0.00,1,classical
2026-08-24T00:59:50,60.98,LOCKED,37.1752,0.0000,0.0000,0.0000,0.9504,0.00,1,classical
2026-08-24T00:59:51,59.17,LOCKED,36.7987,0.0000,0.0000,0.0000,0.9509,0.00,1,classical
2026-08-24T00:59:52,59.88,LOCKED,36.0949,0.0000,0.0000,0.0000,0.9519,0.00,1,classical
2026-08-24T00:59:53,60.61,LOCKED,35.9037,0.0000,0.0000,0.0000,0.9521,0.00,1,classical
2026-08-24T00:59:54,59.17,LOCKED,36.2350,0.0000,0.0000,0.0000,0.9517,0.00,1,classical
2026-08-24T00:59:55,59.17,LOCKED,36.4814,0.0000,0.0000,0.0000,0.9514,0.00,1,classical
2026-08-24T00:59:56,59.52,LOCKED,36.9171,0.0000,0.0000,0.0000,0.9508,0.00,1,classical
2026-08-24T00:59:57,60.98,LOCKED,36.9794,0.0000,0.0000,0.0000,0.9507,0.00,1,classical
2026-08-24T00:59:58,61.35,LOCKED,36.6848,0.0000,0.0000,0.0000,0.9511,0.00,1,classical
2026-08-24T00:59:59,60.98,LOCKED,36.4450,0.0000,0.0000,0.0000,0.9514,0.00,1,classical
2026-08-24T01:00:00,60.24,LOCKED,36.3328,0.0000,0.0000,0.0000,0.9516,0.00,1,classical
2026-08-24T01:00:01,60.61,LOCKED,35.2901,0.0000,0.0000,0.0000,0.9529,0.00,1,classical
2026-08-24T01:00:02,60.98,LOCKED,35.5921,0.0000,0.0000,0.0000,0.9525,0.00,1,classical
2026-08-24T01:00:03,61.35,LOCKED,35.9925,0.0000,0.0000,0.0000,0.9520,0.00,1,classical
2026-08-24T01:00:04,57.14,LOCKED,40.3087,0.0000,0.0000,0.0000,0.9463,0.00,1,classical
2026-08-24T01:00:05,43.67,LOCKED,37.2107,0.0000,0.0000,0.0000,0.9504,0.00,1,classical
2026-08-24T01:00:06,35.21,LOCKED,40.5114,0.0000,0.0000,0.0000,0.9460,0.00,1,classical
2026-08-24T01:00:07,37.74,LOCKED,33.1839,0.0000,0.0000,0.0000,0.9558,0.00,1,classical
2026-08-24T01:00:08,27.93,LOCKED,40.1439,0.0000,0.0000,0.0000,0.9465,0.00,1,classical
2026-08-24T01:00:09,48.31,LOCKED,25.6340,0.0000,0.0000,0.0000,0.9658,0.00,1,classical
2026-08-24T01:00:10,35.71,LOCKED,32.2727,0.0000,0.0000,0.0000,0.9570,0.00,1,classical
2026-08-24T01:00:11,49.02,LOCKED,28.5069,0.0000,0.0000,0.0000,0.9620,0.00,1,classical
2026-08-24T01:00:12,59.88,LOCKED,31.7967,0.0000,0.0000,0.0000,0.9576,0.00,1,classical
2026-08-24T01:00:13,57.14,LOCKED,35.4871,0.0000,0.0000,0.0000,0.9527,0.00,1,classical
2026-08-24T01:00:14,59.52,LOCKED,33.8003,0.0000,0.0000,0.0000,0.9549,0.00,1,classical
2026-08-24T01:00:15,60.24,LOCKED,34.7095,0.0000,0.0000,0.0000,0.9537,0.00,1,classical
2026-08-24T01:00:16,49.26,LOCKED,36.8969,0.0000,0.0000,0.0000,0.9508,0.00,1,classical
2026-08-24T01:00:17,60.24,LOCKED,34.5471,0.0000,0.0000,0.0000,0.9539,0.00,1,classical
2026-08-24T01:00:18,58.82,LOCKED,36.1830,0.0000,0.0000,0.0000,0.9518,0.00,1,classical
2026-08-24T01:00:19,60.61,LOCKED,36.3550,0.0000,0.0000,0.0000,0.9515,0.00,1,classical
2026-08-24T01:00:20,58.14,LOCKED,37.4021,0.0000,0.0000,0.0000,0.9501,0.00,1,classical
2026-08-24T01:00:21,60.61,LOCKED,36.7685,0.0000,0.0000,0.0000,0.9510,0.00,1,classical
2026-08-24T01:00:22,60.61,LOCKED,36.6536,0.0000,0.0000,0.0000,0.9511,0.00,1,classical
2026-08-24T01:00:23,60.98,LOCKED,35.7065,0.0000,0.0000,0.0000,0.9524,0.00,1,classical
2026-08-24T01:00:24,60.61,LOCKED,35.5869,0.0000,0.0000,0.0000,0.9526,0.00,1,classical
2026-08-24T01:00:25,60.98,LOCKED,35.3712,0.0000,0.0000,0.0000,0.9528,0.00,1,classical
2026-08-24T01:00:26,60.61,LOCKED,35.9585,0.0000,0.0000,0.0000,0.9521,0.00,1,classical
2026-08-24T01:00:27,57.14,LOCKED,37.1363,0.0000,0.0000,0.0000,0.9505,0.00,1,classical
2026-08-24T01:00:28,59.88,LOCKED,37.0458,0.0000,0.0000,0.0000,0.9506,0.00,1,classical
2026-08-24T01:00:29,59.88,LOCKED,36.8118,0.0000,0.0000,0.0000,0.9509,0.00,1,classical
2026-08-24T01:00:30,56.50,LOCKED,36.5055,0.0000,0.0000,0.0000,0.9513,0.00,1,classical
2026-08-24T01:00:31,58.48,LOCKED,36.3487,0.0000,0.0000,0.0000,0.9515,0.00,1,classical
2026-08-24T01:00:32,58.48,LOCKED,35.8362,0.0000,0.0000,0.0000,0.9522,0.00,1,classical
2026-08-24T01:00:33,60.98,LOCKED,35.3651,0.0000,0.0000,0.0000,0.9528,0.00,1,classical
2026-08-24T01:00:34,60.61,LOCKED,36.0857,0.0000,0.0000,0.0000,0.9519,0.00,1,classical
2026-08-24T01:00:35,59.88,LOCKED,36.7270,0.0000,0.0000,0.0000,0.9510,0.00,1,classical
2026-08-24T01:00:36,58.48,LOCKED,36.4813,0.0000,0.0000,0.0000,0.9514,0.00,1,classical
2026-08-24T01:00:37,27.55,LOCKED,48.8204,0.0000,0.0000,0.1000,0.9349,0.00,1,classical
2026-08-24T01:00:38,30.12,LOCKED,37.2840,0.0000,0.0000,0.2500,0.9503,0.00,1,classical
2026-08-24T01:00:39,30.86,LOCKED,37.0155,0.0000,0.0000,0.2500,0.9506,0.00,1,classical
2026-08-24T01:00:40,29.07,LOCKED,37.2794,0.0000,0.0000,0.2500,0.9503,0.00,1,classical
2026-08-24T01:00:41,30.86,LOCKED,32.9115,0.0000,0.0000,0.2500,0.9561,0.00,1,classical
2026-08-24T01:00:42,31.65,LOCKED,38.7401,0.0000,0.0000,0.3000,0.9483,0.00,1,classical
2026-08-24T01:00:43,30.49,LOCKED,37.2811,0.0000,0.5000,0.3000,0.9483,0.00,1,classical
2026-08-24T01:00:44,31.65,LOCKED,36.6913,0.0000,0.5000,0.3000,0.9491,0.00,1,classical
2026-08-24T01:00:45,29.85,LOCKED,35.8067,0.0000,1.0000,0.2500,0.9483,0.00,1,classical
2026-08-24T01:00:49,33.56,COASTING,479.1658,0.0000,1.0000,0.2500,0.4660,0.00,1,ai
2026-08-24T01:00:50,15.06,LOST,675.0311,0.0000,1.0000,0.2500,0.0000,0.06,1,ai
2026-08-24T01:00:51,13.64,LOST,820.8438,0.0000,1.0000,0.2500,0.0000,1.09,1,ai
2026-08-24T01:00:52,14.56,LOST,894.1478,0.0000,1.0000,0.2500,0.0000,2.11,1,ai
2026-08-24T01:00:53,13.83,LOST,906.8724,0.0000,1.0000,0.2500,0.0000,3.14,1,ai
2026-08-24T01:00:54,14.66,LOST,913.1033,0.0000,1.0000,0.1500,0.0000,4.16,1,ai
2026-08-24T01:00:55,14.03,LOST,993.9466,0.0000,0.5000,0.1500,0.0000,5.20,1,ai
2026-08-24T01:00:56,14.62,LOST,1178.9971,0.0000,0.5000,0.1500,0.0000,6.23,1,ai
2026-08-24T01:00:57,13.99,LOST,1414.6048,0.0000,0.5000,0.2000,0.0000,7.26,1,ai
2026-08-24T01:00:58,15.75,LOST,1634.8112,0.0000,0.5000,0.2000,0.0000,8.33,1,ai
2026-08-24T01:00:59,14.08,LOST,1768.8539,0.0000,1.0000,0.2000,0.0000,9.36,1,ai
2026-08-24T01:01:00,14.29,LOST,1819.1279,0.0000,1.0000,0.2000,0.0000,10.43,1,ai
2026-08-24T01:01:01,15.80,LOST,1819.7960,0.0000,1.0000,0.2000,0.0000,11.49,1,ai
2026-08-24T01:01:02,14.56,LOST,1850.7130,0.0000,1.0000,0.2000,0.0000,12.51,1,ai
2026-08-24T01:01:03,14.62,LOST,1973.8961,0.0000,1.0000,0.2000,0.0000,13.54,1,ai
2026-08-24T01:01:04,13.99,LOST,2183.3002,0.0000,1.0000,0.2000,0.0000,14.55,1,ai
2026-08-24T01:01:05,15.43,LOST,2426.2693,0.0000,1.0000,0.2000,0.0000,15.60,1,ai
2026-08-24T01:01:06,14.62,LOST,2618.5093,0.0000,1.0000,0.2000,0.0000,16.66,1,ai
2026-08-24T01:01:07,15.34,LOST,2714.7622,0.0000,1.0000,0.2000,0.0000,17.68,1,ai
2026-08-24T01:01:08,14.31,LOST,2735.1552,0.0000,1.0000,0.2000,0.0000,18.71,1,ai
2026-08-24T01:01:09,14.88,LOST,2737.4446,0.0000,1.0000,0.2000,0.0000,19.73,1,ai
2026-08-24T01:01:10,16.92,LOST,2796.0366,0.0000,1.0000,0.2000,0.0000,20.74,1,ai
2026-08-24T01:01:11,15.17,LOST,2957.0636,0.0000,1.0000,0.2000,0.0000,21.78,1,ai
2026-08-24T01:01:12,15.02,LOST,3185.0662,0.0000,1.0000,0.2000,0.0000,22.80,1,ai
